method,psnr
ours,27.103241159202064
deep-image-prior,32.80563494470994
