method,psnr
ours,26.1905820593985
deep-image-prior,29.79954618746848
