method,psnr
ours,29.093225946670508
deep-image-prior,32.72888017716986
