method,psnr
ours,29.618436664834753
deep-image-prior,34.48798643368059
