method,psnr
ours,26.435002637013202
deep-image-prior,33.05737072607892
