method,psnr
ours,32.643696754692826
deep-image-prior,38.9972027772714
