method,psnr
ours,32.70657646927468
deep-image-prior,36.08028448518721
