method,psnr
ours,24.144509429474226
deep-image-prior,32.18300374116679
